{
    "Items": [
        {
            "name": "Test1",
            "level": 100,
            "pos": {
                "x": -0.28600001335144045,
                "y": -3.069999933242798,
                "z": 0.0
            }
        },
        {
            "name": "Test2",
            "level": 100,
            "pos": {
                "x": -0.28600001335144045,
                "y": -3.069999933242798,
                "z": 0.0
            }
        }
    ]
}